Rodrigo Teixeira, rodrigotnoronha@gmail.com
Caio Ergos, caioergos@hotmail.com
Lilian Jacaúna, lilianjacaunal@gmail.com
Carlos Adolfo, adolfo.ggc@gmail.com
Sara, sara@email.com
Matheus Costa, matheus@gmail.com
